{"AZURE": {"required": ["Subscription_id", "product_id", "application_id", "Contact_email", "rules"], "$schema": "http://json-schema.org/draft-04/schema#", "type": "object", "properties": {"rules": {"items": [{"required": ["sources", "destinations", "ports"], "type": "object", "properties": {"sources": {"items": [{"type": "string"}, {"type": "string"}, {"type": "string"}], "type": "array"}, "ports": {"items": [{"type": "string"}, {"type": "integer"}], "type": "array"}, "destinations": {"items": [{"type": "string"}, {"type": "string"}], "type": "array"}}}, {"required": ["sources", "destinations", "ports"], "type": "object", "properties": {"sources": {"items": [{"type": "string"}, {"type": "string"}, {"type": "string"}], "type": "array"}, "ports": {"items": [{"type": "string"}, {"type": "string"}], "type": "array"}, "destinations": {"items": [{"type": "string"}, {"type": "string"}], "type": "array"}}}], "type": "array"}, "product_id": {"type": "string"}, "Subscription_id": {"type": "string"}, "Contact_email": {"type": "string"}, "application_id": {"type": "string"}}}, "AWS": {"required": ["account", "sources", "destinations", "ports"], "$schema": "http://json-schema.org/draft-04/schema#", "type": "object", "properties": {"account": {"type": "string"}, "sources": {"items": [{"type": "string"}, {"type": "string"}], "type": "array"}, "ports": {"items": [{"type": "string"}, {"type": "string"}], "type": "array"}, "destinations": {"items": [{"type": "string"}, {"type": "string"}], "type": "array"}}}}